CITY NAME,2010,2011,2012,2013,2014,2015, long, lat
"Abilene city, Texas",117794,118760,119985,119938,120803,121721,-87.6297982,41.8781136
"Akron city, Ohio",198972,198969,198704,198309,198099,197542,-112.0740373,33.4483771
"Alameda city, California",73969,74778,75785,76684,77752,78630,-95.3698028,29.7604267
"Albany city, Georgia",77473,77788,77511,76347,75863,74843,-82.99879419999999,39.9611755,
"Albany city, New York",97733,98033,98527,98715,98665,98469,-96.79698789999999, 32.7766642
"Albany city, Oregon",50370,51065,51276,51274,51754,52175,-122.4194155, 37.7749295
"Albuquerque city, New Mexico",547092,551723,554888,556880,557894,559121,-74.0059413, 40.7127837
"Alexandria city, Virginia",140833,144579,147227,149819,151440,153511,-81.65565099999999, 30.3321838
"Alhambra city, California",83172,83755,84409,84775,85368,85551,-86.1349019, 40.2671941
"Aliso Viejo city, California",48205,48950,49590,50160,50211,50195,-97.7430608, 30.267153
"Allen city, Texas",84950,87792,89995,92337,94262,98143,-97.3307658, 32.7554883
"Allentown city, Pennsylvania",118191,118877,119052,118919,119268,120207,-121.8863286, 37.3382082
"Alpharetta city, Georgia",57820,59417,61968,62209,63055,63693,-117.1610838, 32.715738
"Amarillo city, Texas",191335,193972,195754,196746,197786,198645,-75.1652215, 39.9525839
"Ames city, Iowa",59056,60307,61325,62876,64513,65060,-98.49362819999999, 29.4241219
"Anaheim city, California",337257,340801,343540,345738,346847,350742,-80.8431267, 35.2270869
"Anchorage municipality, Alaska",293405,296333,298613,301537,300357,298695,-104.990251, 39.7392358
"Anderson city, Indiana",56167,55906,55582,55632,55498,55305,-90.0489801, 35.1495343
"Ankeny city, Iowa",45884,47113,48950,51378,53299,56764,-86.7816016, 36.1626638
"Ann Arbor city, Michigan",114030,115208,115648,116209,116899,117070,-106.4850217, 31.7618778
"Antioch city, California",103118,104310,105736,107602,109359,110542,-71.0588801, 42.3600825
"Apple Valley city, Minnesota",49139,49783,49953,50194,50445,51221,-83.0457538, 42.331427
"Apple Valley town, California",69327,70133,70580,71000,71517,72174,-122.6764816, 45.5230622
"Appleton city, Wisconsin",72657,72854,73096,73569,73961,74139,-122.3320708, 47.6062095
"Arcadia city, California",56412,56784,57077,57597,57992,58408,-76.6121893, 39.2903848
"Arlington city, Texas",366201,370827,376325,379781,383514,388125,-97.5164276, 35.4675602
"Arlington Heights village, Illinois",75178,75407,75783,76009,76057,75926,-77.0368707, 38.9071923
"Arvada city, Colorado",106697,107652,109790,111698,113744,115368,-106.6055534, 35.0853336
"Asheville city, North Carolina",83522,84673,85793,87007,87812,88512,-78.6381787, 35.7795897
"Athens-Clarke County unified government (balance), Georgia",116215,117205,118951,119840,119526,122604,-121.4943996, 38.5815719
"Atlanta city, Georgia",422753,432092,444002,448312,456143,463878,-110.926479, 32.2217429
"Auburn city, Alabama",53746,54959,56994,58865,60562,62059,-119.7725868, 36.7468422
"Auburn city, Washington",70400,71575,73278,74778,75928,77006,-118.1937395, 33.7700504
"Augusta-Richmond County consolidated government (balance), Georgia",196222,195828,197156,196496,196526,197182,-94.5785667, 39.0997265
"Aurora city, Colorado",326050,332744,339188,345634,352706,359407,-115.1398296, 36.1699412
"Aurora city, Illinois",198190,199292,199826,200117,200543,200661,-95.99798829999999, 41.2523634
"Austin city, Texas",815974,839168,865184,886406,912713,931830,-111.8314724, 33.4151843
"Avondale city, Arizona",76232,76967,78121,78920,79711,80684,-104.8213634, 38.8338816
"Bakersfield city, California",348930,353581,358106,363956,368694,373640,-87.9064736, 43.0389025
"Baldwin Park city, California",75446,75905,76455,76770,76909,77071,-75.97798499999999, 36.8529263
"Baltimore city, Maryland",621180,620792,622705,623215,623711,621849,-95.99277500000001, 36.1539816
"Bartlett city, Tennessee",57018,57350,58177,58155,58265,58579,-85.7584557, 38.2526647
"Baton Rouge city, Louisiana",229602,228958,229997,229422,229007,228590,-122.2711137, 37.8043637
"Battle Creek city, Michigan",52298,52038,51866,51808,51813,51589,-97.33005299999999, 37.68717609999999
"Bayonne city, New Jersey",63112,64213,64695,65378,66289,66311,-93.2650108, 44.977753
"Baytown city, Texas",72052,72824,73590,75600,76138,76335,-90.0715323, 29.95106579999999
"Beaumont city, Texas",117371,117814,116904,117962,117595,118129,-81.6943605, 41.49932
"Beaverton city, Oregon",90195,91461,92740,93693,95251,96577,-117.8678338, 33.7455731
"Bellevue city, Nebraska",51753,52443,53352,54195,54772,55510,-80.1917902, 25.7616798
"Bellevue city, Washington",128337,130305,132283,134126,136596,139820,-97.10806559999999, 32.735687
"Bellflower city, California",76642,77089,77471,77805,78058,78441,-104.8319195, 39.7294319
"Bellingham city, Washington",80984,81549,82111,82528,83419,85146,-82.4571776, 27.950575
"Bend city, Oregon",76688,77621,78845,81280,84131,87014,-114.9817213, 36.0395247
"Berkeley city, California",112919,114093,115497,117204,119012,120972,-117.9145036, 33.8352932
"Berwyn city, Illinois",56683,56755,56820,56852,56715,56368,-84.5037164, 38.0405837
"Bethlehem city, Pennsylvania",75006,75077,75090,74933,75036,74892,-155.5827818, 19.8967662
"Billings city, Montana",104539,105603,107102,108953,108889,110263,-96.6851982, 40.8257625
"Birmingham city, Alabama",212026,211915,211217,211841,212082,212461,-74.1723667, 40.735657
"Bismarck city, North Dakota",61619,62788,64796,67117,68957,71167,-117.0841955, 32.6400541
"Blaine city, Minnesota",57398,58122,59332,60347,61170,62124,-97.39638099999999, 27.8005828
"Bloomington city, Illinois",76764,77149,77838,79054,78767,78292,-81.3792365, 28.5383355
"Bloomington city, Indiana",80632,81701,82223,82650,83452,84067,-117.3961564, 33.9533487
"Bloomington city, Minnesota",83041,83923,86046,86364,86317,86435,-84.5120196, 39.1031182
"Blue Springs city, Missouri",52689,52771,53032,53244,53587,54148,-90.78836040000002, 38.7809384
"Boca Raton city, Florida",85198,86612,87948,89786,91448,93235,-79.9958864, 40.44062479999999
"Boise City city, Idaho",206355,209267,212254,214177,216991,218281,-96.6988856, 33.0198431
"Bolingbrook village, Illinois",73489,73783,73969,73987,74145,74306,-79.7919754, 36.0726354
"Bonita Springs city, Florida",43937,44885,46181,47497,49230,51704,-119.0187125, 35.3732921
"Bossier City city, Louisiana",62002,63465,65441,66215,67189,68094,-149.9002778, 61.2180556
"Boston city, Massachusetts",620623,630286,642031,651710,660278,667137,-83.55521200000001, 41.6639383
"Boulder city, Colorado",98606,100914,102058,103722,105516,107349,-111.8412502, 33.3061605
"Bowie city, Maryland",55090,55710,56243,56873,57592,58025,-74.0776417, 40.72815749999999
"Bowling Green city, Kentucky",59098,59590,60503,61786,62549,63616,-93.0899578, 44.9537029
"Boynton Beach city, Florida",68368,68943,70196,71261,73163,73966,-121.2907796, 37.9577016
"Bradenton city, Florida",49346,49729,50430,51526,52770,54437,-118.2436849, 34.0522342
"Brentwood city, California",51829,52776,53601,55055,57031,58968,-84.3879824, 33.7489954
"Bridgeport city, Connecticut",144911,146244,147013,147844,147871,147629,-117.7946942, 33.6839473
"Bristol city, Connecticut",60487,60583,60598,60552,60528,60452,-78.898619, 35.9940329
"Brockton city, Massachusetts",93846,94115,94009,94368,94800,95314,-99.48032409999999, 27.5305671
"Broken Arrow city, Oklahoma",99259,100123,102113,103543,104817,106563,-76.28587259999999, 36.8507689
"Brookhaven city, Georgia",49330,49685,50345,50848,51298,51910,-80.2781057, 25.8575963
"Brooklyn Park city, Minnesota",75974,76895,77755,78409,78729,79149,-85.1393513, 41.079273
"Broomfield city, Colorado",56271,57445,58949,60163,61875,65065,-121.9885719, 37.5482697
"Brownsville city, Texas",175642,178525,180256,181648,183081,183887,-84.9877094, 32.4609764
"Bryan city, Texas",76526,77199,77870,79055,80833,82118,-91.1403196, 30.4582829
"Buckeye town, Arizona",51319,52492,54668,56980,59569,62138,-77.4360481, 37.5407246
"Buena Park city, California",80827,81701,82313,83090,83074,83270,-82.6267345, 27.7518284
"Buffalo city, New York",261220,260541,259947,259753,259259,258071,-84.28073289999999, 30.4382559
"Burbank city, California",103336,103901,104407,104870,105094,105319,-119.8138027, 39.5296329
"Burien city, Washington",48197,48774,49499,49952,50254,50467,-76.2874927, 36.7682088
"Burlington city, North Carolina",51058,51153,51340,51606,51922,52472,-117.2296717, 33.9424658
"Burnsville city, Minnesota",60412,60644,61105,61435,61580,61481,-111.789027, 33.3528264
"Caldwell city, Idaho",46501,47234,47672,48967,50176,51686,-88.32007150000001, 41.7605849
"Camarillo city, California",65339,65666,65880,66166,66881,67608,-86.2999689, 32.3668052
"Cambridge city, Massachusetts",104979,105743,106048,107705,109700,110402,-118.542586, 34.3916641
"Camden city, New Jersey",77310,77594,77367,77023,76504,76119,-80.3582261, 27.2730492
"Canton city, Ohio",73064,72765,72758,72522,72280,71885,-112.1859866, 33.5386523
"Cape Coral city, Florida",154795,157664,161194,165294,169755,175229,-120.9968782, 37.63909719999999
"Carlsbad city, California",105844,107768,109402,111242,112305,113453,-93.6091064, 41.6005448
"Carmel city, Indiana",79777,81668,83651,86005,86866,88713,-78.8783689, 42.88644679999999
"Carrollton city, Texas",119475,122509,125512,126693,128515,133168,-111.9260519, 33.4941704
"Carson city, California",91641,91886,92487,92782,93078,93281,-97.4974838, 25.9017472
"Carson City, Nevada",55030,54756,54598,54057,54480,54521,-96.9488945, 32.8140177
"Cary town, North Carolina",136688,141928,145912,151201,155406,159769,-117.4260466, 47.6587802
"Casa Grande city, Arizona",48876,48768,49103,49342,50387,51460,-92.28959479999999, 34.7464809
"Casper city, Wyoming",55282,56176,57904,59697,60054,60285,-96.99778459999999, 32.7459645
"Castle Rock town, Colorado",48592,49438,50439,51667,53598,55591,-81.51900529999999, 41.0814447
"Cathedral City city, California",51439,52126,52596,53030,53436,53826,-101.8551665, 33.5778631
"Cedar Park city, Texas",52397,55359,57980,61288,63627,65945,-117.9992265, 33.660297
"Cedar Rapids city, Iowa",126597,127870,128129,128413,129304,130405,-85.6680863, 42.9633599
"Centennial city, Colorado",101455,103049,104779,107256,108187,109741,-93.7501789, 32.5251516
"Champaign city, Illinois",81385,82148,83020,83909,84805,86096,-94.6707917, 38.9822282
"Chandler city, Arizona",236794,240093,244961,250519,254469,260828,-80.244216, 36.09985959999999
"Chapel Hill town, North Carolina",57445,57411,58702,58959,59240,59568,-85.3096801, 35.0456297
"Charleston city, South Carolina",120589,123036,125413,127560,129829,132609,-122.4442906, 47.2528768
"Charleston city, West Virginia",51304,51019,50970,50823,50326,49736,-83.9207392, 35.9606384
"Charlotte city, North Carolina",738678,756102,774707,793480,809402,827097,-111.9400054, 33.4255104
"Chattanooga city, Tennessee",170655,172075,173872,175123,174943,176588,-111.8910474, 40.7607793
"Chesapeake city, Virginia",223520,225352,228231,230515,233479,235429,-86.80248999999999, 33.5206608
"Cheyenne city, Wyoming",59901,60383,61767,62568,62860,63335,-71.8022934, 42.2625932
"Chicago city, Illinois",2697650,2705909,2715521,2722236,2723436,2720546,-82.0105148, 33.4734978
"Chico city, California",86395,86891,87657,88179,89314,90316,-96.63888329999999, 32.912624
"Chicopee city, Massachusetts",55303,55633,55910,56079,56545,56741,-89.4012302, 43.0730517
"Chino city, California",78573,79606,80060,81022,84645,85595,-116.2146068, 43.6187102
"Chino Hills city, California",74997,75770,76270,76619,76924,78309,-117.9414477, 33.7739053
"Chula Vista city, California",244730,248716,253115,257708,261189,265757,-119.1770516, 34.1975048
"Cicero town, Illinois",84282,84405,84516,84576,84388,83886,-117.2897652, 34.1083449
"Cincinnati city, Ohio",296906,296109,296788,297409,298041,298550,-73.89874689999999, 40.9312099
"Citrus Heights city, California",83380,83958,84592,85286,86118,87056,-115.1175013, 36.1988592
"Clarksville city, Tennessee",133595,136375,143190,142700,146678,149176,-117.435048, 34.0922335
"Clearwater city, Florida",108614,108715,109211,110092,111067,113003,-86.5861037, 34.7303688
"Cleveland city, Ohio",396010,392497,391376,391142,389860,388072,-101.8312969, 35.2219971
"Clifton city, New Jersey",84226,84877,85058,85541,86086,86334,-88.0398912, 30.6953657
"Clovis city, California",96156,97447,98598,99756,102133,104180,-118.255075, 34.1425078
"Coconut Creek city, Florida",53082,54197,55085,56935,58549,59302,-77.6109219, 43.16103
"College Station city, Texas",94525,95633,97767,100694,103636,107889,-90.1848103, 32.2987573
"Colorado Springs city, Colorado",420644,428031,434576,442102,448961,456568,-78.87835849999999, 35.0526641
"Colton city, California",52289,52803,53105,53335,53997,54621,-96.6397822, 33.1972465
"Columbia city, Missouri",109436,111382,113568,115637,117299,119108,-81.9495331, 26.5628537
"Columbia city, South Carolina",130430,131284,131912,131905,132365,133803,-71.4128343, 41.8239891
"Columbus city, Georgia",191124,195357,200195,204207,201087,200579,-117.5931084, 34.10639889999999
"Columbus city, Ohio",790694,799663,811251,824582,837931,850106,-87.3594528, 36.5297706
"Commerce City city, Colorado",46180,47563,48593,49960,51831,53696,-118.1164613, 34.5794343
"Compton city, California",96491,97150,97715,98134,98321,98462,-117.086421, 33.1192068
"Concord city, California",122659,123763,124985,126283,127556,128667,-97.72779589999999, 31.1171194
"Concord city, North Carolina",79448,80641,82147,83521,85525,87696,-122.7140548, 38.440429
"Conroe city, Texas",57341,59104,61409,62560,65909,68602,-121.3716178, 38.4087993
"Conway city, Arkansas",59655,61673,62926,63618,64585,64980,-122.6614861, 45.6387281
"Coon Rapids city, Minnesota",61544,61498,61857,61989,62095,62240,-123.0867536, 44.0520691
"Coral Gables city, Florida",47024,48274,49703,50417,50895,51117,-123.0350963, 44.9428975
"Coral Springs city, Florida",121434,123699,125497,126802,127985,129485,-87.84479379999999, 42.3636331
"Corona city, California",153162,154989,157903,159441,161289,164226,-86.1180435, 39.978371
"Corpus Christi city, Texas",305382,308124,312469,317157,320751,324074,-96.5991593, 32.76679550000001
"Corvallis city, Oregon",54402,54603,55032,54672,54853,55780,-89.0939952, 42.2711311
"Costa Mesa city, California",110195,111191,111961,112531,112840,113204,-122.2566367, 38.1040864
"Council Bluffs city, Iowa",62376,62482,62123,62076,62317,62597,-94.6274636, 39.114053
"Cranston city, Rhode Island",80437,80470,80617,80645,80975,81073,-105.0813734, 39.7047095
"Cupertino city, California",58729,59257,59896,60360,60739,60572,-118.1541632, 34.6867846
"Dallas city, Texas",1200699,1219300,1243131,1260432,1280450,1300092,-117.9242966, 33.8703596
"Daly City city, California",101334,102646,104147,105211,106069,106562,-73.19517669999999, 41.1865478
"Danbury city, Connecticut",81349,82186,82810,83772,83891,84657,-93.29229889999999, 37.2089572
"Davenport city, Iowa",99946,100540,101445,102216,102474,102582,-80.1494901, 26.0112014
"Davie town, Florida",92302,94242,95588,97365,98918,100882,-72.589811, 42.1014831
"Davis city, California",65600,65761,65946,66423,66807,67666,-76.14742439999999, 43.0481221
"Dayton city, Ohio",142308,141880,141789,141790,140834,140599,-117.8531119, 33.7877944
"Daytona Beach city, Florida",61075,61207,61804,62657,63318,64736,-77.0469214, 38.8048355
"Dearborn city, Michigan",97843,97050,96675,95801,95638,95171,-95.2091006, 29.6910625
"Dearborn Heights city, Michigan",57636,57206,56993,56498,56397,56145,-96.82361159999999, 33.1506744
"Decatur city, Alabama",55752,55868,55901,55633,55563,55437,-121.6555013, 36.6777372
"Decatur city, Illinois",76119,75902,75449,74969,74071,73254,-78.7811169, 35.79154
"Deerfield Beach city, Florida",75207,76534,77569,78282,78901,79768,-122.272747, 37.8715926
"Delano city, California",53133,53667,52498,52465,52636,52733,-74.17181099999999, 40.9167654
"Delray Beach city, Florida",60821,61593,62462,64211,65085,66255,-116.5634624, 43.5407172
"Deltona city, Florida",85197,85142,85487,86075,86880,88474,-118.1445155, 34.1477849
"Denton city, Texas",116987,120132,123646,125277,128590,131044,-81.09983419999999, 32.0835407
"Denver city, Colorado",603300,619374,633976,648411,663963,682545,-71.20922139999999, 42.3370413
"Des Moines city, Iowa",204573,205991,206975,207786,209709,210330,-73.4081575, 41.11774399999999
"Des Plaines city, Illinois",58432,58644,58851,58985,58970,58677,-97.47809540000002, 35.6528323
"DeSoto city, Texas",49326,50165,51170,51548,51978,52486,-80.13731740000001, 26.1224386
"Detroit city, Michigan",711049,704200,698682,689950,680223,677116,-71.1550451, 41.7014912
"Diamond Bar city, California",55592,55958,56277,56522,56662,56897,-117.9289469, 33.6189101
"Doral city, Florida",45963,47651,48454,50595,54245,56035,-86.52638569999999, 39.165325
"Dothan city, Alabama",66103,66661,67359,67841,68354,68567,-122.0807964, 37.6688205
"Downey city, California",111824,112454,112989,113464,113885,114219,-117.6508876, 34.0633443
"Dublin city, California",45918,46868,48794,52169,54730,57721,-117.5664384, 33.8752935
"Dubuque city, Iowa",57679,57972,58188,58510,58676,58799,-112.2373779, 33.5805955
"Duluth city, Minnesota",86209,86243,86212,86146,86206,86110,-105.084423, 40.5852602
"Durham city, North Carolina",229277,234319,240058,245931,252508,257636,-96.73110340000001, 43.5445959
"Eagan city, Minnesota",64266,64518,64831,65434,66029,66286,-80.2962555, 26.007765
"East Orange city, New Jersey",64126,64391,64329,64515,64718,64949,-96.3699632, 30.6743643
"Eastvale city, California",53954,54585,55150,55670,56984,59039,-88.1535352, 41.7508391
"Eau Claire city, Wisconsin",66273,66816,67366,67929,67753,67778,-83.6324022, 32.8406946
"Eden Prairie city, Minnesota",60860,61614,62212,62574,63233,63496,-117.7499909, 34.055103
"Edina city, Minnesota",48000,48639,49054,49408,49598,50138,-122.0363496, 37.36883
"Edinburg city, Texas",75011,77306,78703,80970,83114,84497,-79.82842579999999, 32.8323225
"Edmond city, Oklahoma",81711,83013,84960,87022,88684,90092,-117.689218, 33.6469661
"El Cajon city, California",99750,100845,101717,102583,103170,103679,-118.3406288, 33.8358492
"El Monte city, California",113674,114294,115207,115971,116371,116732,-71.1631137, 42.7070354
"El Paso city, Texas",651685,665726,676401,677703,680682,681124,-83.3677168, 42.4989936
"Elgin city, Illinois",108317,109252,109753,110246,111164,112111,-88.0817251, 41.525031
"Elizabeth city, New Jersey",125338,125959,127014,128034,128812,129007,-71.4161671, 41.7001009
"Elk Grove city, California",153463,155837,158504,160832,163470,166913,-87.78285230000002, 42.7261309
"Elkhart city, Indiana",51569,51695,51779,51956,52089,52348,-86.01335, 39.9567548
"Elyria city, Ohio",54491,54320,54118,54017,53954,53775,-121.8374777, 39.7284944
"Encinitas city, California",59698,60354,61056,61788,62318,62930,-88.99368729999999, 40.4842027
"Enid city, Oklahoma",49522,49488,49947,50837,51295,51776,-122.286865, 38.2975381
"Erie city, Pennsylvania",101787,101630,101433,100733,100055,99475,-83.400211, 42.32420399999999
"Escondido city, California",144425,146266,147929,149307,150363,151451,-71.4372796, 41.7798226
"Eugene city, Oregon",156539,157344,157993,158492,160620,163460,-94.74048909999999, 32.5007037
"Euless city, Texas",51450,52141,52821,53241,53651,54219,-118.1339563, 33.8536269
"Evanston city, Illinois",74592,75079,75614,75870,75891,75527,-82.5514869, 35.5950581
"Evansville city, Indiana",120118,120180,120210,120374,120287,119943,-122.8755949, 42.3265152
"Everett city, Washington",103251,103601,104639,105400,106827,108010,-87.5000412, 41.5833688
"Fairfield city, California",105530,106259,107582,109331,111092,112970,-94.1288141, 36.18674420000001
"Fall River city, Massachusetts",88857,88742,88712,88755,88727,88777,-81.7229086, 41.4047742
"Fargo city, North Dakota",105928,107944,110877,113821,116104,118523,-112.3576567, 33.4353394
"Farmington Hills city, Michigan",79755,80214,80722,81229,81462,81330,-79.14224639999999, 37.4137536
"Fayetteville city, Arkansas",73970,75586,77003,78929,80822,82830,-121.8746789, 37.6624312
"Fayetteville city, North Carolina",200803,201500,201738,204149,203378,201963,-113.5684164, 37.0965278
"Federal Way city, Washington",89547,90723,92018,92872,93544,95171,-93.3563405, 45.0941315
"Fishers town, Indiana",77400,79993,81834,83864,86513,88658,-122.0838511, 37.3860517
"Flagstaff city, Arizona",66196,66198,68059,68292,68907,70320,-71.0994968, 42.3875968
"Flint city, Michigan",102209,101393,100469,99810,99015,98310,-117.7325848, 33.9898188
"Florissant city, Missouri",52278,52423,52435,52370,52327,52268,-122.2416355, 37.7652065
"Flower Mound town, Texas",64889,66072,67917,68583,69839,71253,-118.1170117, 33.8816818
"Folsom city, California",72190,72680,73269,73078,75327,76375,-73.7823549, 40.9114882
"Fontana city, California",197413,200231,201826,203571,205107,207460,-120.4829677, 37.3021632
"Fort Collins city, Colorado",144796,146287,149294,152702,157176,161175,-117.826166, 33.7458511
"Fort Lauderdale city, Florida",166013,168972,171260,172942,176058,178590,-112.3496021, 33.4355977
"Fort Myers city, Florida",62426,63831,65625,68045,70873,74013,-82.7873244, 27.9094665
"Fort Smith city, Arkansas",86327,87189,87637,87561,87497,88194,-80.09976569999999, 26.3184123
"Fort Wayne city, Indiana",253849,254636,254915,256779,258370,260326,-119.1372338, 46.2112458
"Fort Worth city, Texas",746547,762504,779375,794682,813425,833319,-80.60810889999999, 28.0836269
"Fountain Valley city, California",55494,56056,56503,56858,56985,56987,-122.2006786, 47.610377
"Franklin city, Tennessee",62861,64338,66311,68881,70646,72639,-76.34522179999999, 37.0298687
"Frederick city, Maryland",65449,65966,66401,66877,68331,69479,-98.23001239999999, 26.2034071
"Fremont city, California",214672,217703,221891,225411,228998,232206,-94.81912849999999, 38.8813958
"Fresno city, California",496967,501235,505806,509827,515444,520052,-83.01465259999999, 42.5144566
"Frisco city, Texas",118104,123577,128608,137044,145189,154407,-84.1916069, 39.7589478
"Fullerton city, California",135381,136661,138576,139275,139613,140847,-80.30356019999999, 25.9860762
"Gainesville city, Florida",124701,125731,126311,127074,128554,130128,-75.66241219999999, 41.408969
"Gaithersburg city, Maryland",60184,61512,63067,65858,66811,67456,-112.0010501, 40.6916132
"Galveston city, Texas",47820,47650,48356,49021,49669,50180,-104.9719243, 39.8680412
"Garden Grove city, California",171273,173289,174390,175218,175381,175393,-97.1466695, 31.549333
"Gardena city, California",58859,59244,59585,60111,60256,60447,-83.0302033, 42.5803122
"Garland city, Texas",227338,230195,233775,234803,235648,236897,-81.0348144, 34.0007104
"Gary city, Indiana",80226,79677,79141,78529,77960,77156,-96.8899636, 32.9756415
"Gastonia city, North Carolina",71736,71999,72766,73116,73674,74543,-79.93105120000001, 32.7764749
"Georgetown city, Texas",48004,50318,52515,54898,59105,63716,-117.9608978, 34.0852868
"Gilbert town, Arizona",209699,214123,222148,230690,239415,247542,-122.2284532, 47.30732279999999
"Gilroy city, California",48956,49685,50742,51951,52584,53231,-122.0438298, 37.5933918
"Glendale city, Arizona",226550,228778,232272,235287,237474,240126,-95.5377215, 29.6185669
"Glendale city, California",191869,193151,194649,196461,199741,201020,-81.378447, 40.79894729999999
"Glendora city, California",50195,50528,50777,51191,51215,52009,-98.1836216, 26.1947962
"Goodyear city, Arizona",65522,67260,69490,72927,75722,79003,-91.5301683, 41.6611277
"Grand Forks city, North Dakota",52997,52765,53647,55096,56215,57011,-83.1499322, 42.65836609999999
"Grand Island city, Nebraska",48823,49479,50112,50648,51252,51440,-75.37045789999999, 40.6259316
"Grand Junction city, Colorado",59027,59613,59871,59941,59934,60358,-83.2218731, 42.4733688
"Grand Prairie city, Texas",175976,178793,181847,183752,185554,187809,-97.13306829999999, 33.2148412
"Grand Rapids city, Michigan",188054,189090,190713,192868,194249,195097,-90.704279, 35.84229670000001
"Grapevine city, Texas",46610,47138,48452,50160,50778,51404,-94.84668099999999, 39.7674578
"Great Falls city, Montana",59247,59462,59417,59725,59582,59638,-86.87528689999999, 40.4167022
"Greeley city, Colorado",93220,94280,95325,96592,98312,100883,-75.5397878, 39.7390721
"Green Bay city, Wisconsin",103993,104391,104831,104848,104860,105207,-94.97742740000001, 29.7355047
"Greensboro city, North Carolina",269514,272553,276438,279844,282948,285342,-100.7837392, 46.8083268
"Greenville city, North Carolina",84976,86256,87675,89003,89577,90597,-111.9710529, 41.0602216
"Greenville city, South Carolina",59330,59981,60622,61284,62319,64579,-72.7795419, 41.6612104
"Greenwood city, Indiana",51226,52093,52894,53841,54671,55586,-88.0834059, 42.0333607
"Gresham city, Oregon",105983,107549,108794,109371,110109,110553,-117.6483876, 34.09751
"Gulfport city, Mississippi",67932,68885,69957,71110,71530,71856,-88.41538469999999, 44.2619309
"Hamilton city, Ohio",62326,62334,62273,62299,62451,62407,-86.8688899, 35.9250637
"Hammond city, Indiana",80735,80183,79635,79011,78434,77614,-87.68769689999999, 42.0450722
"Hampton city, Virginia",137448,136601,137163,137376,137813,136454,-88.0683955, 41.69864159999999
"Hanford city, California",54115,54341,54305,54598,55029,55659,-121.2160526, 37.7974273
"Harlingen city, Texas",65085,65658,65842,65879,65873,65774,-97.342782, 31.0982344
"Harrisonburg city, Virginia",49048,49757,51100,51288,52258,52538,-81.8723084, 26.640628
"Hartford city, Connecticut",125367,125405,125115,125084,124466,124006,-88.9548001, 39.8403147
"Haverhill city, Massachusetts",60976,61428,61729,62079,62370,62765,-85.7053085, 42.9133602
"Hawthorne city, California",84332,85112,85678,86338,87373,88451,-93.4555093, 45.0105194
"Hayward city, California",144854,147082,149651,152097,154793,158289,-117.2286478, 33.7825194
"Hemet city, California",79145,80380,81292,82079,82996,83861,-81.18730049999999, 35.262082
"Hempstead village, New York",53966,54108,54920,55467,55535,55547,-105.0749801, 40.3977612
"Henderson city, Nevada",257868,259916,265068,270517,277302,285667,-74.1284764, 40.8567662
"Hendersonville city, Tennessee",51514,52421,53116,54084,55215,56018,-93.2173758, 30.2265949
"Hesperia city, California",90389,91395,91913,92249,92649,93295,-118.2114603, 33.930293
"Hialeah city, Florida",225549,231366,233620,235425,236144,237069,-103.2310149, 44.0805434
"High Point city, North Carolina",104610,105855,106703,107776,109046,110268,-81.02507840000001, 34.9248667
"Highland city, California",53234,53752,54090,54372,54594,54854,-75.1196199, 39.9259463
"Hillsboro city, Oregon",92501,94120,95423,97477,99439,102347,-121.1760583, 38.6779591
"Hoboken city, New Jersey",50095,50966,51818,52672,53173,53635,-87.98062650000001, 42.0883603
"Hoffman Estates village, Illinois",51944,52123,52276,52396,52367,52138,-117.1858759, 34.5008311
"Hollywood city, Florida",141133,143633,145580,146923,148084,149728,-102.0779146, 31.9973456
"Homestead city, Florida",60810,62781,63632,64646,65686,66498,-117.1825381, 34.0555693
"Hoover city, Alabama",81182,81751,83093,83750,84269,84848,-113.996586, 46.87871759999999
"Houston city, Texas",2114761,2142221,2177376,2216460,2256192,2296224,-84.15574099999999, 31.5785074
"Huntersville town, North Carolina",46971,48083,49292,50501,51556,52704,-88.2314813, 43.0116784
"Huntington Beach city, California",191389,193351,194816,198012,200730,201899,-71.38255579999999, 41.878711
"Huntington Park city, California",58137,58452,58730,59050,59317,59430,-83.624201, 32.6130007
"Huntsville city, Alabama",180869,182205,183715,186155,188205,190582,-97.0969552, 33.0145673
"Idaho Falls city, Idaho",57078,57628,58070,58297,58655,59184,-89.0928155, 30.3674198
"Independence city, Missouri",116855,116805,117243,117255,117502,117255,-121.9780153, 37.7799273
"Indianapolis city (balance), Indiana",821632,827400,834673,843532,849052,853173,-80.0905465, 26.5317866
"Indio city, California",79652,81159,82495,83715,85607,87533,-85.5872286, 42.2917069
"Inglewood city, California",109727,110770,111299,111586,111652,111666,-80.2133808, 26.1403635
"Iowa City city, Iowa",68021,69189,70453,71885,73542,74220,-85.3863599, 40.1933767
"Irvine city, California",213344,220502,229609,236939,248401,256927,-95.45605119999999, 30.3118769
"Irving city, Texas",216879,220006,225734,229051,232510,236607,-93.7321228, 32.5159852
"Jackson city, Mississippi",173750,175390,175197,172774,171797,170674,-80.3997748, 26.1003654
"Jackson city, Tennessee",66906,66791,67176,67614,67252,66975,-74.02375119999999, 40.7795455
"Jacksonville city, Florida",823280,829696,837790,844246,854962,868031,-77.1527578, 39.0839973
"Jacksonville city, North Carolina",70882,68146,69501,68921,67609,67357,-82.32482619999999, 29.6516344
"Janesville city, Wisconsin",63570,63460,63572,63791,64052,64123,-77.4302414, 34.7540524
"Jersey City city, New Jersey",248623,253983,257884,259729,262327,264290,-98.1244531, 29.7030024
"Johns Creek city, Georgia",77192,79510,82281,82721,83118,83335,-111.651302, 35.1982836
"Johnson City city, Tennessee",63661,64302,64757,65138,65537,66027,-121.302728, 38.5890723
"Joliet city, Illinois",147739,147943,148277,148041,147934,147861,-85.3904888, 31.2232313
"Jonesboro city, Arkansas",67638,69110,70558,71787,72492,73907,-81.40757099999999, 28.2919557
"Joplin city, Missouri",50928,51140,50260,50736,51324,51818,-119.1005657, 46.2395793
"Jupiter town, Florida",55443,56236,57289,58410,60710,62707,-122.0651819, 37.9100783
"Jurupa Valley city, California",95451,96450,97325,98118,98828,100314,-122.0310733, 37.9779776
"Kalamazoo city, Michigan",74327,74661,75244,75730,75939,76041,-77.4105409, 39.41426879999999
"Kansas City city, Kansas",145943,146282,147590,149032,150109,151306,-88.03424000000001, 42.1103041
"Kansas City city, Missouri",460732,462091,464511,467251,470882,475378,-92.9593797, 44.9238552
"Kenner city, Louisiana",66728,66869,66910,67027,67036,67091,-88.81394689999999, 35.6145169
"Kennewick city, Washington",74357,75585,75987,76729,77490,78896,-72.6850932, 41.76371109999999
"Kenosha city, Wisconsin",99382,99607,100034,99965,100012,99858,-97.2289029, 32.8342952
"Kent city, Washington",119009,120918,123119,124638,125714,126952,-91.6656232, 41.9778795
"Kentwood city, Michigan",48741,49176,49724,50311,50827,51357,-121.7405167, 38.5449065
"Kettering city, Ohio",56237,56095,56035,55879,55642,55525,-117.8131125, 33.8886259
"Killeen city, Texas",129219,131161,134739,136912,138218,140806,-77.2013705, 39.1434406
"Kingsport city, Tennessee",52790,52809,52750,52898,52964,53014,-73.8370786, 40.9125992
"Kirkland city, Washington",80852,82102,83482,84721,86157,87281,-118.3884078, 33.8491816
"Kissimmee city, Florida",59778,61555,63789,65441,67102,69152,-90.2417434, 29.9940924
"Knoxville city, Tennessee",178967,180608,182129,182845,184473,185291,-97.0035982, 28.8052674
"Kokomo city, Indiana",58049,58113,58120,58130,58082,57995,-94.16324039999999, 45.5579451
"La Crosse city, Wisconsin",51361,51246,52064,52034,52370,52306,-72.9278835, 41.308274
"La Habra city, California",60402,61047,61452,61787,62045,62131,-93.4557877, 45.0724642
"La Mesa city, California",57218,57785,58316,58834,59193,60089,-121.2880059, 38.7521235
"Lafayette city, Indiana",68904,69807,69978,70804,70873,71111,-121.6169108, 39.1404477
"Lafayette city, Louisiana",121510,122366,123499,124983,126445,127657,-74.1143091, 40.6687141
"Laguna Niguel city, California",63146,63889,64347,64676,65446,65806,-122.4077498, 37.654656
"Lake Charles city, Louisiana",72227,72646,73578,73908,74752,76070,-118.781482, 34.2694474
"Lake Elsinore city, California",53194,54718,55760,57513,60031,61981,-92.4421011, 35.0886963
"Lake Forest city, California",77593,78447,78990,79472,80120,82492,-80.2706044, 26.271192
"Lake Havasu City city, Arizona",52600,52805,52789,52772,53084,53553,-118.8375937, 34.1705609
"Lakeland city, Florida",97842,99066,99429,100897,102676,104401,-97.1416768, 32.5631924
"Lakeville city, Minnesota",56112,56618,57312,58566,59810,60633,-93.63191309999999, 42.0307812
"Lakewood city, California",80079,80557,80940,81291,81466,81611,-73.5387341, 41.0534302
"Lakewood city, Colorado",143191,144231,145544,147073,149809,152597,-90.4974359, 38.7881062
"Lakewood city, Ohio",52035,51637,51378,51171,50953,50656,-92.0198427, 30.2240897
"Lakewood city, Washington",58235,58626,58860,58969,59465,59829,-112.3679279, 33.6292337
"Lancaster city, California",156875,158397,158798,159871,160699,161103,-95.68901849999999, 39.0558235
"Lancaster city, Pennsylvania",59333,59403,59377,59350,59332,59339,-86.39027, 35.8456213
"Lansing city, Michigan",114344,114308,114280,114253,114657,115056,-117.3794834, 33.1958696
"Laredo city, Texas",237059,241207,245487,249379,252635,255473,-121.9552356, 37.3541079
"Largo city, Florida",79022,78909,79108,79718,80025,81000,-74.2048677, 40.767323
"Las Cruces city, New Mexico",98198,100083,101118,101354,101596,101643,-97.4394777, 35.2225668
"Las Vegas city, Nevada",584780,588370,596328,603488,613527,623747,-122.2348431, 47.3809335
"Lauderhill city, Florida",67130,68344,69294,69960,70644,71579,-99.73314390000002, 32.4487364
"Lawrence city, Kansas",87996,88991,89823,91057,92667,93917,-75.4901833, 40.6084305
"Lawrence city, Massachusetts",76596,77394,78116,78669,79535,80231,-70.2553259, 43.66147100000001
"Lawton city, Oklahoma",97849,98255,98560,97217,97165,96655,-87.5710898, 37.9715592
"Layton city, Utah",67810,68504,68891,71034,72471,74143,-97.69610259999999, 26.1906306
"League City city, Texas",84085,86258,88307,90977,94435,98312,-93.1668858, 44.8041322
"Lee's Summit city, Missouri",91542,91907,92426,93094,93903,95094,-122.1770818, 48.0517637
"Leesburg town, Virginia",43059,44621,46136,47868,49558,51209,-82.9000751, 32.1656221
"Lehi city, Utah",48157,49772,51491,54356,56315,58486,-94.7151865, 39.02284849999999
"Lenexa city, Kansas",48280,48856,49385,50327,51014,52490,-121.8846806, 38.0279762
"Lewisville city, Texas",95840,97479,99638,101257,103080,104039,-80.4775569, 25.4687224
"Lexington-Fayette urban county, Kentucky",296717,301291,305525,308829,311399,314488,-105.0866504, 39.9205411
"Lincoln city, Nebraska",259152,262431,265709,269219,273905,277348,-117.2927641, 34.5362184
"Little Rock city, Arkansas",194003,195260,196583,197278,197652,197992,-117.7075526, 33.5225261
"Livermore city, California",81326,82388,83690,85364,86970,88126,-117.6119925, 33.4269728
"Livonia city, Michigan",96706,96102,95802,95060,94979,94635,-111.929658, 40.5621704
"Lodi city, California",62294,62849,63225,63367,63933,64596,-122.1430195, 37.4418834
"Logan city, Utah",48448,49086,49117,49136,49191,50371,-80.0728201, 26.4614625
"Long Beach city, California",462633,465533,468601,470536,472430,474140,-92.3340724, 38.9517053
"Longmont city, Colorado",86416,87440,88722,90138,90429,92088,-121.2722194, 38.1341477
"Longview city, Texas",80586,80990,81267,81431,81555,82287,-97.8202888, 30.505198
"Lorain city, Ohio",64080,63966,63767,63715,63751,63647,-81.0228331, 29.2108147
"Los Angeles city, California",3796575,3828604,3864724,3902005,3936940,3971883,-82.3534727, 36.3134397
"Louisville/Jefferson County metro government (balance), Kentucky",597738,600883,604924,610213,612821,615366,-80.2497707, 26.2128609
"Loveland city, Colorado",67006,69168,70262,71402,72704,75182,-118.1137535, 34.0165053
"Lowell city, Massachusetts",106686,107562,108573,109653,110235,110699,-119.0376023, 34.2163937
"Lubbock city, Texas",230622,233605,236262,239922,244861,249042,-89.0187222, 42.6827885
"Lynchburg city, Virginia",75703,76607,77477,78266,78627,79812,-82.1823746, 41.452819
"Lynn city, Massachusetts",90505,90594,91212,91694,92115,92457,-91.4984941, 44.811349
"Lynwood city, California",69632,69812,70833,71526,71679,71989,-82.3940104, 34.85261759999999
"Macon-Bibb County, Georgia",155375,155552,155912,154345,153711,153515,-119.2920585, 36.3302284
"Madera city, California",61550,61973,62542,62964,63606,64208,-92.2670941, 34.769536
"Madison city, Wisconsin",233622,237037,240097,243367,246012,248951,-93.711332, 41.5772115
"Malden city, Massachusetts",59564,59930,60366,60776,60928,61068,-118.096735, 33.9830688
"Manchester city, New Hampshire",109611,109807,110175,110208,110298,110229,-92.34257749999999, 42.492786
"Manhattan city, Kansas",52705,54251,56753,56318,55772,56308,-108.5506486, 39.0638705
"Mansfield city, Texas",56804,58052,59322,60843,62253,64274,-86.4808043, 36.9685219
"Manteca city, California",67692,69282,71011,71969,73468,75448,-88.5426136, 44.0247062
"Maple Grove city, Minnesota",61803,63204,64422,65437,66947,68385,-83.7430378, 42.2808256
"Margate city, Florida",53420,54370,55109,55623,56075,57234,-89.6501481, 39.78172130000001
"Marietta city, Georgia",56892,57628,58492,59189,60058,59067,-87.7416246, 42.0324025
"Marysville city, Washington",60202,61291,62373,63302,65116,66773,-97.678896, 30.5082551
"McAllen city, Texas",130881,133617,135391,136950,138677,140269,-122.0307963, 36.9741171
"McKinney city, Texas",132816,137954,143469,149160,156898,162898,-120.0607176, 36.9613356
"Medford city, Massachusetts",56321,56667,57071,57266,57295,57403,-118.2250725, 33.9816812
"Medford city, Oregon",75039,75672,76523,77424,78552,79805,-94.1265562, 30.080174
"Melbourne city, Florida",76377,76593,77029,77662,78654,80127,-117.0230839, 32.7678287
"Memphis city, Tennessee",652479,655816,659537,658310,656482,655770,-83.29104679999999, 42.6389216
"Menifee city, California",78093,79936,81411,83550,85152,87174,-96.7898034, 46.8771863
"Merced city, California",79165,79858,80520,81108,81646,82436,-82.14009229999999, 29.1871986
"Meriden city, Connecticut",60874,60742,60653,60493,60287,59988,-122.518458, 47.1717649
"Meridian city, Idaho",75607,77855,80375,83488,87712,90739,-83.8088171, 39.9242266
"Mesa city, Arizona",440853,445450,452855,458897,465378,471825,-111.8507662, 40.3916172
"Mesquite city, Texas",139908,141450,143414,143666,144526,144788,-72.80704349999999, 41.5381535
"Miami Beach city, Florida",88180,90421,91268,91844,91956,92312,-73.7629097, 41.03398620000001
"Miami city, Florida",401054,412464,416952,421410,431376,441003,-76.3055144, 40.0378755
"Miami Gardens city, Florida",107573,110420,111576,112347,112542,113187,-118.0275667, 34.0686206
"Midland city, Texas",111246,113929,119846,124213,128158,132950,-111.2833449, 47.4941836
"Midwest City city, Oklahoma",54588,55305,56167,56809,57095,57249,-105.0874842, 39.8027644
"Milford city (balance), Connecticut",51312,51386,51514,51642,51879,52087,-111.6585337, 40.2338438
"Milpitas city, California",66754,67195,68989,70116,73733,77604,-122.5310874, 37.9735346
"Milwaukee city, Wisconsin",595120,597570,599114,600071,600598,600155,-117.5848025, 33.952463
"Minneapolis city, Minnesota",383083,388277,392913,400478,407209,410939,-121.7732971, 38.67851570000001
"Minnetonka city, Minnesota",49787,50629,51114,51384,51489,51669,-118.1331593, 33.9401088
"Miramar city, Florida",122405,125133,128986,130552,135018,137132,-117.9186689, 33.6411316
"Mission city, Texas",78096,79687,80893,81620,82476,83298,-74.2107006, 40.6639916
"Mission Viejo city, California",93287,94214,94959,96461,97183,97156,-96.56388, 32.9029017
"Missoula city, Montana",66977,67580,68488,69006,69810,71022,-84.5499327, 33.95260200000001
"Missouri City city, Texas",67225,67925,68683,70070,71858,74139,-84.5555347, 42.732535
"Mobile city, Alabama",195222,194762,194848,194794,194624,194288,-71.1061639, 42.4184296
"Modesto city, California",203381,204306,205700,207122,209198,211266,-80.2456045, 25.9420377
"Montebello city, California",62518,63043,63356,63624,63769,63921,-122.7714861, 45.4312294
"Monterey Park city, California",60274,60628,60905,61163,61298,61468,-117.1483648, 33.4936391
"Montgomery city, Alabama",205902,207441,204534,201645,200717,200602,-117.3505939, 33.1580933
"Moore city, Oklahoma",55421,56770,57965,58538,59261,60451,-88.2825668, 42.0354084
"Moreno Valley city, California",194366,196946,198824,201033,202904,204198,-74.2654234, 40.5067723
"Mount Pleasant town, South Carolina",68017,69367,71811,74613,77667,81317,-92.4801989, 44.0121221
"Mount Prospect village, Illinois",54290,54439,54580,54784,54972,54747,-117.7256083, 33.5676842
"Mount Vernon city, New York",67378,67772,67905,68327,68476,68628,-93.21772000000001, 44.7319094
"Mountain View city, California",74283,75211,76662,78165,79346,80435,-106.313081, 42.866632
"Muncie city, Indiana",70200,70362,70095,70279,70283,70087,-94.41550679999999, 39.0911161
"Murfreesboro city, Tennessee",109530,111727,113914,117352,120849,126118,-90.6298922, 38.7874699
"Murrieta city, California",103963,105243,106530,107521,108344,109830,-122.0399663, 38.24935809999999
"Nampa city, Idaho",81897,82668,83957,86502,88156,89839,-118.0353449, 34.1397292
"Napa city, California",77112,77739,78357,79090,79915,80434,-73.69178509999999, 42.7284117
"Naperville city, Illinois",142343,143096,143908,144896,146283,147100,-81.6326234, 38.3498195
"Nashua city, New Hampshire",86574,86654,86634,86995,87296,87970,-111.9391031, 40.6096698
"Nashville-Davidson metropolitan government (balance), Tennessee",604926,612374,625488,635243,644729,654610,-71.15258109999999, 42.266752
"National City city, California",58668,59152,59554,60011,60424,61060,-96.7298519, 32.9483335
"New Bedford city, Massachusetts",95042,94813,94854,95015,94954,94958,-79.0558445, 35.9131996
"New Braunfels city, Texas",58137,59414,61006,63200,66204,70543,-116.4668036, 33.7805388
"New Britain city, Connecticut",73251,73243,73093,72952,72856,72808,-118.3531311, 33.9616801
"New Brunswick city, New Jersey",55004,55525,55814,56556,56774,57035,-111.8338359, 41.7369803
"New Haven city, Connecticut",129812,130821,130937,130748,130199,130322,-97.8783911, 36.3955891
"New Orleans city, Louisiana",347900,360779,370011,378921,384360,389617,-88.1070127, 41.8661403
"New Rochelle city, New York",77187,77712,78395,79501,79665,79846,-80.17893509999999, 26.2517482
"New York city, New York",8192426,8287000,8365069,8436047,8495194,8550405,-111.7573521, 32.8795022
"Newark city, New Jersey",277347,277984,278414,279499,280980,281944,-87.1111676, 37.7719074
"Newport Beach city, California",85378,86242,86818,87282,87178,87127,-122.9006951, 47.0378741
"Newport News city, Virginia",180891,180136,180098,181496,182499,182385,-83.9508068, 43.4194699
"Newton city, Massachusetts",85424,85928,87254,87908,88506,88817,-85.9766671, 41.6819935
"Niagara Falls city, New York",50140,49876,49659,49459,49212,48916,-93.6001278, 41.7317884
"Noblesville city, Indiana",52722,54045,55339,56681,57755,59093,-105.0372046, 39.8366528
"Norfolk city, Virginia",242893,243578,245920,245169,246199,246393,-82.8001026, 27.9658533
"Normal town, Illinois",52646,53100,54018,54667,54573,54373,-89.5889864, 40.6936488
"Norman city, Oklahoma",111430,113995,115867,118491,118155,120284,-77.9447102, 34.2257255
"North Charleston city, South Carolina",98008,99812,101982,103975,106636,108304,-83.2784851, 30.8327022
"North Las Vegas city, Nevada",216941,218969,222999,226799,230708,234807,-123.2620435, 44.5645659
"North Little Rock city, Arkansas",62473,63521,64715,66058,66778,66504,-83.1446485, 42.4894801
"North Miami city, Florida",59820,61317,61875,62271,62299,62435,-76.4730122, 37.0870821
"North Port city, Florida",57404,57622,58352,59112,60388,62345,-122.4302013, 45.5001357
"North Richland Hills city, Texas",63489,64372,65343,67346,68544,69204,-121.805789, 38.0049214
"Norwalk city, California",105587,106131,106364,106698,106943,107140,-71.10973349999999, 42.3736158
"Norwalk city, Connecticut",86010,86723,87272,87899,88158,88485,-80.0053176, 35.9556923
"Novato city, California",52008,52726,53256,54217,54947,55530,-122.4702079, 37.6879241
"Novi city, Michigan",55264,55947,56884,57922,58416,58723,-117.2139232, 33.5539143
"O'Fallon city, Missouri",79963,81069,82054,83018,84118,85040,-118.3089661, 34.1808392
"Oak Lawn village, Illinois",56730,56877,57007,57113,57054,56781,-81.9498042, 28.0394654
"Oak Park village, Illinois",51901,51961,52011,52160,52028,52287,-84.3733147, 33.9304352
"Oakland city, California",391752,396786,402074,407885,414339,419267,-122.3477486, 37.9357576
"Ocala city, Florida",56364,56598,56823,57011,57517,58218,-108.5006904, 45.7832856
"Oceanside city, California",167678,169818,171615,173379,174695,175691,-96.994174, 33.046233
"Odessa city, Texas",99865,102258,106300,110696,115001,118968,-73.0514965, 41.5581525
"Ogden city, Utah",83058,83349,83940,84294,84334,85444,-71.4547891, 42.9956397
"Oklahoma City city, Oklahoma",582118,589859,599977,611247,621018,631346,-117.3703235, 34.1064001
"Olathe city, Kansas",126251,128295,130025,131874,132991,134305,-122.2020794, 47.9789848
"Olympia city, Washington",47083,47767,48223,48736,49667,50302,-96.3344068, 30.627977
"Omaha city, Nebraska",432672,435178,438188,440870,442316,443885,-80.5886646, 28.0344621
"Ontario city, California",164425,166010,167095,167784,168972,171214,-104.6091409, 38.2544472
"Orange city, California",136830,138442,139468,140238,139819,140992,-95.7974526, 36.060949
"Orem city, Utah",88773,89725,90733,91753,91876,94457,-83.6874562, 43.0125274
"Orland Park village, Illinois",56717,56994,57251,58515,58659,58619,-120.8465941, 37.4946568
"Orlando city, Florida",239428,243798,250266,255653,263074,270934,-118.081733, 33.9022367
"Oshkosh city, Wisconsin",66065,66155,66677,66770,66668,66555,-80.0533746, 26.7153424
"Overland Park city, Kansas",174095,176102,178917,181220,184429,186515,-120.4357191, 34.9530337
"Owensboro city, Kentucky",57483,57786,58166,58401,58461,59042,-98.4933873, 33.9137085
"Oxnard city, California",198512,200136,201496,203415,205371,207254,-117.9389526, 34.0686208
"Palatine village, Illinois",68616,68850,69117,69350,69414,69308,-80.1247667, 26.2378597
"Palm Bay city, Florida",103340,103359,104184,104794,105816,107888,-90.5776367, 41.5236437
"Palm Beach Gardens city, Florida",48698,49274,50068,50791,51948,52923,-116.9625269, 32.7947731
"Palm Coast city, Florida",75513,76597,77563,78721,80720,82893,-83.35270969999999, 42.36837
"Palm Desert city, California",48694,49319,49908,50551,51172,51869,-86.25198979999999, 41.6763545
"Palmdale city, California",153014,154346,155448,157365,157901,158351,-88.019826, 44.51915899999999
"Palo Alto city, California",64587,65446,66237,66807,67015,66853,-117.2425355, 33.2000368
"Paramount city, California",54127,54445,54775,55143,55280,55412,-104.8771726, 39.5807452
"Parma city, Ohio",81474,80949,80636,80390,80056,79937,-122.989827, 45.5228939
"Pasadena city, California",137176,137960,138612,140055,140521,142250,-80.25211569999999, 26.0764783
"Pasadena city, Texas",149542,151279,152579,153442,154076,153784,-117.4854802, 33.9971974
"Pasco city, Washington",61887,64580,66745,67506,68658,69451,-79.9748103, 32.8546197
"Passaic city, New Jersey",69862,70252,70219,70561,70968,71085,-87.82118539999999, 42.5847425
"Paterson city, New Jersey",146474,145895,146715,147122,147490,147754,-79.9414266, 37.2709704
"Pawtucket city, Rhode Island",71175,71201,71311,71371,71521,71591,-95.2860474, 29.5635666
"Peabody city, Massachusetts",51372,51572,51823,52111,52314,52504,-95.2352501, 38.9716689
"Pearland city, Texas",90894,93249,96347,100068,103348,108821,-80.085059, 42.12922409999999
"Pembroke Pines city, Florida",154452,157499,159855,162603,164666,166611,-100.4370375, 31.4637723
"Pensacola city, Florida",52056,52022,52758,52770,52994,53193,-95.0949303, 29.5074538
"Peoria city, Arizona",154501,156789,160012,163268,167064,171237,-73.7562317, 42.6525793
"Peoria city, Illinois",114933,115328,115662,116507,115784,115070,-80.1289321, 26.3683064
"Perris city, California",68848,70364,71268,72433,73734,74971,-98.39592909999999, 34.6035669
"Perth Amboy city, New Jersey",50948,51283,51893,52321,52676,52682,-81.26367379999999, 28.9005446
"Petaluma city, California",58025,58270,58807,59440,59873,60438,-118.4911912, 34.0194543
"Pflugerville city, Texas",48703,50282,51945,53791,54672,57122,-122.8037102, 45.48706199999999
"Pharr city, Texas",70784,72091,73225,74137,75423,76538,-122.3916754, 40.5865396
"Philadelphia city, Pennsylvania",1528338,1539087,1550584,1556686,1561562,1567442,-76.2982742, 36.8354258
"Phoenix city, Arizona",1450267,1465848,1490625,1513408,1538411,1563025,-111.6946475, 40.2968979
"Pico Rivera city, California",62977,63354,63659,63939,64086,64218,-83.17631449999999, 42.3222599
"Pinellas Park city, Florida",49211,49539,49821,50160,51025,51617,-121.7680088, 37.6818745
"Pittsburg city, California",63546,64623,65633,66807,68162,69424,-119.2305449, 34.2783231
"Pittsburgh city, Pennsylvania",305673,306132,306470,306907,305765,304391,-119.7029194, 36.8252277
"Placentia city, California",50997,51578,51989,52320,52371,52495,-70.93420499999999, 41.6362152
"Plainfield city, New Jersey",49914,50098,50356,50741,50990,51217,-84.3615555, 34.0232431
"Plano city, Texas",261273,267613,272962,275438,278668,283558,-94.3821724, 38.9108408
"Plantation city, Florida",85351,86921,88172,90456,91474,92560,-111.8389726, 40.5649781
"Pleasanton city, California",70449,71268,72281,74265,77758,79510,-114.6276916, 32.6926512
"Plymouth city, Minnesota",70688,71662,72916,73992,75058,75907,-117.2393748, 47.6732281
"Pocatello city, Idaho",54336,54662,54802,54457,54382,54441,-71.0022705, 42.2528772
"Pomona city, California",149119,149948,150870,151671,152962,153266,-95.30106239999999, 32.3512601
"Pompano Beach city, Florida",100105,101840,103203,104684,106130,107762,-119.7526886, 39.5349112
"Pontiac city, Michigan",59491,59628,59959,60072,60077,59917,-70.9494938, 42.46676300000001
"Port Arthur city, Texas",54507,54917,54582,54781,54531,55340,-121.4252227, 37.7396513
"Port Orange city, Florida",56592,56595,56832,57322,58735,59866,-120.5058987, 46.6020711
"Port St. Lucie city, Florida",165381,167104,168935,170726,174068,179413,-104.7091322, 40.4233142
"Porterville city, California",54280,54734,54953,55128,55258,56058,-117.3008784, 34.4263886
"Portland city, Maine",66087,66172,66273,66401,66672,66881,-116.2155619, 33.7205771
"Portland city, Oregon",585427,594115,603366,610055,620420,632309,-122.3126222, 47.3223221
"Portsmouth city, Virginia",95484,95809,96548,96162,95955,96201,-80.1300455, 25.790654
"Poway city, California",47974,48706,49142,49572,49894,50157,-117.9939921, 33.7513419
"Providence city, Rhode Island",178114,178243,178521,178355,179083,179207,-117.1661449, 33.1433723
"Provo city, Utah",112945,114684,115461,116386,114868,115264,-122.1560768, 37.7249296
"Pueblo city, Colorado",106876,107237,107662,107907,108136,109412,-87.56917349999999, 33.2098407
"Quincy city, Massachusetts",92447,92569,92921,93373,93520,93618,-74.16375529999999, 40.8584328
"Racine city, Wisconsin",78781,78498,78225,78140,77993,77742,-122.2087353, 47.6814875
"Raleigh city, North Carolina",406308,414134,423396,431603,440399,451066,-121.9877444, 38.3565773
"Rancho Cordova city, California",65097,66055,66893,67959,69710,71017,-117.6719953, 33.6000232
"Rancho Cucamonga city, California",166261,168172,170419,171512,174127,175236,-118.3525748, 33.9164032
"Rapid City city, South Dakota",68754,69222,70619,71754,73250,73569,-118.2200712, 33.8958492
"Reading city, Pennsylvania",88106,88154,88110,88186,87981,87879,-122.2363548, 37.48521520000001
"Redding city, California",89919,90376,90675,91100,91579,91582,-90.69984769999999, 38.8106075
"Redlands city, California",68826,69422,69825,70083,70572,71035,-75.9268747, 40.3356483
"Redmond city, Washington",54522,55519,56627,57590,59358,60598,-95.6349463, 29.6196787
"Redondo Beach city, California",66778,67153,67501,67809,67966,68166,-117.185294, 33.6971468
"Redwood City city, California",77024,78070,79319,81176,82856,85288,-74.7429384, 40.2170534
"Reno city, Nevada",226493,228391,230718,233333,237075,241445,-73.4540111, 41.394817
"Renton city, Washington",92313,94142,95978,97249,98613,100242,-98.1633432, 26.3017374
"Revere city, Massachusetts",51817,52535,52987,53316,53226,53422,-96.67055030000002, 33.1031744
"Rialto city, California",99412,100774,101617,102022,102615,103132,-118.032844, 33.9791793
"Richardson city, Texas",99571,101672,103711,105251,109205,110815,-121.2810611, 38.7071247
"Richland city, Washington",48514,50319,51509,52361,53068,54248,-71.0183787, 42.0834335
"Richmond city, California",104087,105418,106615,107755,108621,109708,-121.3153096, 44.0581728
"Richmond city, Virginia",204151,206622,210921,213931,216910,220289,-88.2433829, 40.1164204
"Rio Rancho city, New Mexico",88012,89591,90697,91798,92777,94171,-77.3663538, 35.612661
"Riverside city, California",305615,309987,313212,316759,319312,322424,-80.579511, 35.4087517
"Roanoke city, Virginia",96778,96874,98087,99047,99774,99897,-118.281693, 33.8316745
"Rochester city, Minnesota",106976,108132,108999,110592,111333,112225,-106.6630437, 35.2327544
"Rochester city, New York",210602,211107,211137,211144,210597,209802,-80.25659499999999, 26.1669711
"Rochester Hills city, Michigan",71028,71573,72268,72878,73105,73424,-92.1004852, 46.78667189999999
"Rock Hill city, South Carolina",66565,67400,68140,68959,69972,71548,-86.8113781, 33.4053867
"Rockford city, Illinois",152938,151942,151013,150407,149154,148278,-116.9719684, 33.7475203
"Rocklin city, California",57397,58395,59003,59736,60253,61213,-94.1185366, 36.3320196
"Rockville city, Maryland",61536,62155,63208,63869,65601,66980,-111.9738304, 41.223
"Rocky Mount city, North Carolina",57720,57517,56976,56642,56279,55806,-119.6981901, 34.4208305
"Rogers city, Arkansas",56353,57812,59101,60158,61598,63159,-71.0772796, 42.7762015
"Rosemead city, California",53818,54141,54416,54694,54815,54908,-121.8995741, 37.4323341
"Roseville city, California",119371,122273,124130,126639,128413,130269,-71.2356113, 42.3764852
"Roswell city, Georgia",88834,91184,93677,93971,94073,94501,-71.46756599999999, 42.7653662
"Round Rock city, Texas",100772,103943,106598,109643,112784,115997,-116.3915131, 43.6121087
"Rowlett city, Texas",56351,57012,57737,58083,58430,60236,-105.937799, 35.6869752
"Royal Oak city, Michigan",57249,58128,58455,58840,58982,59008,-93.2982799, 44.840798
"Sacramento city, California",467595,471604,475515,479955,484990,490712,-117.2919818, 33.0369867
"Saginaw city, Michigan",51422,51057,50806,50358,49878,49347,-80.0942087, 26.9342246
"Salem city, Oregon",155097,156246,157739,159455,162025,164549,-80.1867138, 25.8900949
"Salinas city, California",150807,152693,154334,155749,156666,157380,-117.9461734, 33.9319578
"Salt Lake City city, Utah",186564,188206,189532,191326,191604,192672,-87.7539448, 41.8455877
"Sammamish city, Washington",46934,47951,49119,50198,51289,52253,-117.0991967, 32.6781085
"San Angelo city, Texas",93644,94663,96089,97438,99240,100450,-122.4781473, 48.74908
"San Antonio city, Texas",1333953,1359461,1386305,1412979,1440309,1469845,-118.1270146, 34.095287
"San Bernardino city, California",210234,212022,213276,214205,214869,216108,-98.32529319999999, 26.2159066
"San Buenaventura (Ventura) city, California",107146,107797,108601,109064,109421,109708,-83.1497751, 42.6064095
"San Clemente city, California",63619,64357,64810,65126,65291,65526,-84.5613355, 39.3995008
"San Diego city, California",1306080,1321256,1340076,1360456,1382251,1394928,-122.121512, 47.6739881
"San Francisco city, California",805813,816231,829517,840715,852537,864816,-84.198579, 34.0289259
"San Jose city, California",955399,971543,985401,1003828,1016597,1026908,-93.30300629999999, 45.1732394
"San Leandro city, California",85137,86016,87130,88285,89450,90712,-112.5837766, 33.3703197
"San Marcos city, California",83978,85163,87101,89817,92898,92931,-75.232664, 43.100903
"San Marcos city, Texas",45214,47681,50062,54505,59231,60684,-93.47078599999999, 44.8546856
"San Mateo city, California",97435,98677,100023,101536,102868,103536,-96.40030689999999, 42.4999942
"San Rafael city, California",57820,58263,58464,59049,59197,59162,-104.8202462, 41.1399814
"San Ramon city, California",72412,73065,73786,74556,75356,76134,-83.2696509, 42.240872
"Sandy city, Utah",88828,89762,90647,91431,92240,93613,-85.48078249999999, 32.6098566
"Sandy Springs city, Georgia",94329,96996,99408,99749,101939,105330,-93.27772259999999, 44.7677424
"Sanford city, Florida",53747,54228,54788,56169,57523,58111,-94.1574263, 36.0625795
"Santa Ana city, California",325503,328844,331645,335228,335245,335400,-95.8608333, 41.2619444
"Santa Barbara city, California",88533,88786,89571,90465,91315,91842,-121.2357828, 38.7907339
"Santa Clara city, California",116857,118018,119609,120831,122290,126215,-118.1228476, 34.0625106
"Santa Clarita city, California",176422,177716,178796,179826,181109,182371,-87.3464271, 41.5933696
"Santa Cruz city, California",60606,61455,62004,62827,63280,64220,-86.13360329999999, 40.486427
"Santa Fe city, New Mexico",81334,81944,82475,83024,83550,84099,-97.9413941, 29.8832749
"Santa Maria city, California",99729,100462,101408,102460,103553,105093,-118.3089624, 33.8883487
"Santa Monica city, California",89796,90673,91665,92551,92743,93220,-72.9492703, 41.67176480000001
"Santa Rosa city, California",168088,169259,170280,171958,173953,174972,-111.9388258, 40.66772479999999
"Santee city, California",53655,54604,55534,56364,57095,57787,-121.6957863, 37.931868
"Sarasota city, Florida",52152,52368,52879,53252,54221,55118,-97.48670279999999, 35.3395079
"Savannah city, Georgia",136906,140083,142163,142578,144138,145674,-93.23494889999999, 45.1607987
"Schaumburg village, Illinois",74292,74517,74731,74904,74925,74693,-82.2359254, 27.044224
"Schenectady city, New York",66149,65973,65967,65725,65670,65305,-119.3473379, 36.2077288
"Scottsdale city, Arizona",217621,219921,223463,226443,230660,236839,-80.206436, 26.2445263
"Scranton city, Pennsylvania",76078,75981,76084,75783,75272,77118,-87.88339909999999, 42.0333623
"Seattle city, Washington",610383,622354,635521,653713,669112,684451,-81.269453, 28.8028612
"Shawnee city, Kansas",62333,63029,63628,64320,64566,65046,-87.7932939, 41.5731442
"Shoreline city, Washington",53166,53770,54478,54881,55243,55439,-74.4518188, 40.4862157
"Shreveport city, Louisiana",200947,201925,202131,200372,198318,197204,-97.3967019, 35.4495065
"Simi Valley city, California",124493,125177,125569,126279,126790,126788,-87.85394250000002, 41.6303103
"Sioux City city, Iowa",82834,83052,82748,82652,82686,82821,-116.9739167, 32.8383828
"Sioux Falls city, South Dakota",154594,156842,160288,164569,168430,171544,-71.066163, 42.4250964
"Skokie village, Illinois",64832,64980,65121,65222,65137,64821,-123.0220289, 44.0462362
"Smyrna city, Georgia",51382,51954,52692,53483,54959,56146,-88.0070315, 43.0166806
"Somerville city, Massachusetts",75779,76679,77727,78929,79356,80318,-122.0321823, 37.3229978
"South Bend city, Indiana",100994,100991,100797,100933,101205,101516,-97.62000429999999, 30.4393696
"South Gate city, California",94478,94805,94931,95195,95385,96401,-122.6366524, 38.232417
"South Jordan city, Utah",51322,53415,56007,59435,62851,66648,-87.7936685, 41.85058739999999
"South San Francisco city, California",63769,64592,65755,66412,66961,67271,-83.4754913, 42.48059
"Southaven city, Mississippi",49128,49718,50407,51026,51815,52589,-97.0328547, 47.9252568
"Southfield city, Michigan",71765,72125,72558,73077,73367,73156,-71.0897674, 41.900101
"Sparks city, Nevada",90429,91034,92036,93204,94724,96094,-76.77913649999999, 39.0067768
"Spokane city, Washington",209540,209025,209557,210313,211378,213272,-89.8739753, 35.2045328
"Spokane Valley city, Washington",90062,90729,90800,91638,93162,94919,-84.51437609999999, 33.8839926
"Springdale city, Arkansas",71094,72330,73603,75221,76437,77859,-86.6199957, 36.3047735
"Springfield city, Illinois",116578,117160,117323,117040,116899,116565,-83.27326269999999, 42.3369816
"Springfield city, Massachusetts",153580,153722,153784,153838,154204,154341,-119.0167679, 36.06523
"Springfield city, Missouri",159524,160361,162224,164115,165312,166810,-86.10665259999999, 39.6136578
"Springfield city, Ohio",60574,60316,60179,60023,59926,59680,-104.8560902, 39.3722121
"Springfield city, Oregon",59422,59772,59951,60192,60423,60870,-73.6187397, 40.7062128
"St. Charles city, Missouri",66031,66194,66583,67738,68170,68796,-117.9536697, 33.7091847
"St. Clair Shores city, Michigan",59727,59686,59852,60048,59964,59903,-117.8103367, 34.0286226
"St. Cloud city, Minnesota",65965,65931,65983,66102,66444,67109,-72.6078672, 42.1487043
"St. George city, Utah",72869,73961,75303,76705,78467,80202,-119.6456844, 36.3274502
"St. Joseph city, Missouri",76695,77128,77290,77225,77003,76596,-118.072846, 34.0805651
"St. Louis city, Missouri",319289,319104,319083,318157,317222,315685,-117.2086513, 34.1283442
"St. Paul city, Minnesota",285499,289015,291448,295648,298177,300851,-95.9145568, 41.1543623
"St. Peters city, Missouri",52843,53425,54134,54914,56152,56971,-82.5748194, 27.4989278
"St. Petersburg city, Florida",245299,245975,247289,249564,253714,257083,-82.53065269999999, 27.3364347
"Stamford city, Connecticut",122842,124149,125106,126620,128261,128874,-119.2844621, 46.2856907
"Sterling Heights city, Michigan",129726,129899,130482,131329,131971,132052,-117.0430865, 34.033625
"Stockton city, California",292566,295366,297381,298130,302074,305658,-119.7674034, 39.1637984
"Suffolk city, Virginia",84876,84793,85238,85786,86944,88161,-78.8689155, 38.4495688
"Sugar Land city, Texas",79113,80531,81882,83871,86911,88156,-112.4455344, 42.8713032
"Sunnyvale city, California",140522,143974,146709,148422,150098,151754,-84.1688274, 39.68950359999999
"Sunrise city, Florida",84654,86444,88929,90267,91274,92700,-122.3415178, 47.7556531
"Surprise city, Arizona",117712,119226,121401,123766,126289,128422,-97.08195409999999, 32.8370727
"Syracuse city, New York",145235,144555,144435,145141,144469,144142,-88.9906312, 40.5142026
"Tacoma city, Washington",198399,199805,202017,202910,204671,207948,-86.9833417, 34.6059253
"Tallahassee city, Florida",181856,183449,187054,186532,188132,189907,-121.7568946, 36.910231
"Tamarac city, Florida",60667,61781,62655,63272,63809,64681,-82.10764859999999, 41.3683798
"Tampa city, Florida",336805,346850,348975,353199,360021,369075,-119.2470536, 35.7688425
"Taunton city, Massachusetts",55891,55900,56001,56074,56586,56789,-121.5682751, 37.0057816
"Taylor city, Michigan",62978,62552,62332,61786,61853,61568,-71.0119948, 42.4084302
"Taylorsville city, Utah",58763,59817,60279,60661,60506,60514,-121.530234, 38.5804609
"Temecula city, California",100880,102944,104733,106644,109390,112011,-88.12271989999999, 42.0629915
"Tempe city, Arizona",162357,163808,167367,169048,172951,175826,-80.84285040000002, 35.410694
"Temple city, Texas",66872,67465,69113,70034,70753,72277,-94.2816148, 39.0169509
"Terre Haute city, Indiana",60801,60987,61224,61013,60972,60825,-79.43779909999999, 36.0956918
"Thornton city, Colorado",119412,121943,124460,127879,130586,133451,-81.7786972, 26.339806
"Thousand Oaks city, California",126798,127517,127990,128673,129226,129339,-84.3365917, 33.8651033
"Tigard city, Oregon",48210,49039,49776,50443,50788,51253,-94.51328099999999, 37.08422710000001
"Tinley Park village, Illinois",56795,56974,57150,57280,57295,57143,-73.087749, 41.6032207
"Toledo city, Ohio",287014,285450,283291,282277,280592,279789,-82.6995443, 27.8428025
"Topeka city, Kansas",127760,128090,127969,127622,127309,127265,-114.3224548, 34.483901
"Torrance city, California",145498,146371,147082,147755,148152,148475,-80.13865469999999, 26.8233946
"Tracy city, California",83335,84108,84629,84857,85806,87075,-74.4073736, 40.6337136
"Trenton city, New Jersey",85006,84761,84734,84831,84628,84225,-85.64474919999999, 42.8694731
"Troy city, Michigan",81006,81510,82057,82731,83104,83280,-82.5618186, 36.548434
"Troy city, New York",50055,50013,49848,49918,50005,49906,-90.322614, 38.789217
"Tucson city, Arizona",521648,524974,526510,528119,530454,531641,-96.8570738, 32.5896998
"Tulare city, California",59465,59918,60844,61176,61759,62315,-122.0355736, 47.61626829999999
"Tulsa city, Oklahoma",392483,392861,394736,398744,400217,403505,-122.3467918, 47.4703767
"Turlock city, California",68709,69180,69776,70446,71220,72292,-74.0323626, 40.7439905
"Tuscaloosa city, Alabama",90740,91724,93112,94667,96531,98332,-116.3744556, 33.7222445
"Tustin city, California",75506,76365,77828,78474,80590,80583,-93.4687489, 44.9211836
"Tyler city, Texas",97237,98266,99424,100390,102339,103700,-91.23958069999999, 43.8013556
"Union City city, California",69659,70691,71784,72743,73705,74494,-97.0780654, 32.9342919
"Union City city, New Jersey",66501,67704,68287,68882,69233,69156,-77.7905339, 35.9382103
"Upland city, California",73927,74605,75166,75526,75964,76443,-85.17971419999999, 42.3211522
"Urban Honolulu CDP, Hawaii",338680,342169,345639,348784,350495,352769,-98.3420118, 40.9263957
"Utica city, New York",62219,62030,61886,61720,61385,61100,-77.56360149999999, 39.1156615
"Vacaville city, California",92581,93313,93801,94258,95779,96803,-81.7981908, 41.4819932
"Valdosta city, Georgia",55004,56112,57681,56357,56665,55724,-93.3499489, 44.8896866
"Vallejo city, California",116187,116855,117823,118893,120135,121253,-80.2683838, 25.72149
"Vancouver city, Washington",162959,164469,165760,167573,169717,172860,-105.2705456, 40.0149856
"Victoria city, Texas",62660,63095,64453,65161,66226,67574,-116.6873596, 43.66293839999999
"Victorville city, California",116344,118109,120202,121241,121775,122225,-117.0358646, 32.9628232
"Vineland city, New Jersey",60796,60971,60997,61020,61097,60818,-79.0377388, 43.0962143
"Virginia Beach city, Virginia",439038,442976,445728,449120,450879,452745,-94.7976958, 29.3013479
"Visalia city, California",124826,125803,126754,127744,129042,130104,
"Vista city, California",94103,95180,96261,97266,98157,100890,
"Waco city, Texas",125420,126514,127698,129221,130054,132356,
"Walnut Creek city, California",64354,64916,65650,66984,67690,68910,
"Waltham city, Massachusetts",60854,61322,62010,62412,63149,63378,
"Warner Robins city, Georgia",69023,70714,71774,72584,73303,73490,
"Warren city, Michigan",134057,133984,134354,135073,135452,135358,
"Warwick city, Rhode Island",82603,82080,81826,81796,81875,81699,
"Washington city, District of Columbia",605126,620472,635342,649540,659836,672228,
"Waterbury city, Connecticut",110369,110087,109918,109661,109270,108802,
"Waterloo city, Iowa",68408,68399,68369,68495,68459,68460,
"Watsonville city, California",51281,51593,51915,52480,53041,53628,
"Waukegan city, Illinois",89169,88945,88758,88901,88863,88475,
"Waukesha city, Wisconsin",70719,70721,71232,71290,71535,71970,
"Wellington village, Florida",56870,57597,58759,60290,61515,62560,
"West Allis city, Wisconsin",60434,60520,60722,60779,60709,60620,
"West Covina city, California",106185,106971,107497,107952,108231,108484,
"West Des Moines city, Iowa",57044,58400,59369,61282,63447,64113,
"West Haven city, Connecticut",55568,55515,55241,55104,55176,54927,
"West Jordan city, Utah",104064,106510,108305,110107,110862,111946,
"West New York town, New Jersey",49894,50725,51207,51764,52258,53366,
"West Palm Beach city, Florida",100545,101337,102516,103130,104082,106779,
"West Sacramento city, California",48859,49196,49670,50162,51886,52721,
"West Valley City city, Utah",129654,131118,132515,133883,134559,136208,
"Westland city, Michigan",83904,83362,83106,82383,82291,82000,
"Westminster city, California",89812,90871,91515,92028,92044,92114,
"Westminster city, Colorado",106458,107783,109256,110805,112026,113130,
"Weston city, Florida",65521,66771,67757,68478,69118,69959,
"Weymouth Town city, Massachusetts",53799,54185,55037,55510,55747,55957,
"Wheaton city, Illinois",53055,53336,53478,53697,53739,53715,
"White Plains city, New York",56944,57237,57367,57898,58062,58459,
"Whittier city, California",85358,85820,86285,86795,87088,87438,
"Wichita city, Kansas",382872,383818,385865,387419,388812,389965,
"Wichita Falls city, Texas",104845,104130,104834,105302,105677,104710,
"Wilmington city, Delaware",70787,70981,71331,71529,71893,71948,
"Wilmington city, North Carolina",106800,108243,109915,112126,113933,115933,
"Winston-Salem city, North Carolina",230093,231902,234205,236449,239538,241218,
"Woodbury city, Minnesota",62265,63542,64518,65666,66822,67855,
"Woodland city, California",55552,55797,56334,56815,57480,58567,
"Worcester city, Massachusetts",181849,182372,182426,183121,184211,184815,
"Wyoming city, Michigan",72144,72709,73456,74232,74920,75275,
"Yakima city, Washington",91680,92851,93087,93257,93361,93701,
"Yonkers city, New York",196392,197760,198389,199562,200436,201116,
"Yorba Linda city, California",64446,65760,66529,67136,67764,67973,
"Youngstown city, Ohio",66910,66574,66129,65505,65066,64628,
"Yuba City city, California",65675,65486,65477,65893,66318,66941,
"Yucaipa city, California",51519,52067,52459,52802,53043,53328,
"Yuma city, Arizona",91445,94265,93821,93086,93707,94139,